{"AutoDroid": {"2": 1.0, "3": 0.8157894736842105, "4": 0.7560975609756098, "5": 0.6896551724137931, "6": 0.5625, "7": 0.4, "8": 0.4444444444444444, "9": 0.5, "10": 0.0, "17": 0.0}, "VisiDroid": {"2": 1.0, "3": 0.8421052631578947, "4": 0.8048780487804879, "5": 0.8620689655172413, "6": 0.5625, "7": 0.4, "8": 0.7777777777777778, "9": 0.5, "10": 1.0, "17": 0.0}, "DroidAgent": {"2": 0.0, "3": 0.13157894736842105, "4": 0.17073170731707318, "5": 0.1724137931034483, "6": 0.1875, "7": 0.0, "8": 0.1111111111111111, "9": 0.0, "10": 0.0, "17": 0.0}, "groundtruth": {"2": 8, "3": 38, "4": 41, "5": 29, "6": 16, "7": 5, "8": 9, "9": 2, "10": 1, "17": 1}}